,ibd_lengths,ibd_nodes
0,1000000.0,133810
1,1000000.0,2180
2,1000000.0,323211
3,1000000.0,323211
4,1000000.0,222788
5,1000000.0,5375
6,1000000.0,302962
7,1000000.0,121291
8,17936.0,328926
9,17936.0,328926
10,1000000.0,88275
11,801692.0,279297
12,1000000.0,64427
13,1000000.0,288794
14,1000000.0,288794
15,1000000.0,279297
16,1000000.0,279297
17,1000000.0,222229
18,1000000.0,119310
19,1000000.0,3097
20,1000000.0,204316
21,1000000.0,154838
22,120399.0,204316
23,831385.0,192645
24,61727.0,105435
25,1000000.0,28594
26,1000000.0,29200
27,1000000.0,133809
28,1000000.0,15324
29,1000000.0,7089
30,1000000.0,7089
31,1000000.0,221413
32,607501.0,211416
33,1000000.0,7398
34,1000000.0,272693
35,1000000.0,272693
36,1000000.0,272693
37,380635.0,333746
38,567411.0,214389
39,1000000.0,214389
40,567411.0,214389
41,409275.0,91491
42,1000000.0,79052
43,1000000.0,225695
44,466098.0,255186
45,466098.0,255186
46,533902.0,247093
47,533902.0,247093
48,466098.0,255186
49,533902.0,247093
50,533902.0,247093
51,466098.0,255186
52,690088.0,271642
53,1000000.0,5548
54,690088.0,221059
55,690088.0,271642
56,1000000.0,26168
57,690088.0,193519
58,590725.0,271642
59,1000000.0,3635
60,1000000.0,128170
61,1000000.0,246560
62,1000000.0,246560
63,1000000.0,246560
64,1000000.0,90409
65,658213.0,95288
66,403836.0,267372
67,403836.0,242542
68,403836.0,225999
69,403836.0,225999
70,403836.0,242542
71,403836.0,225999
72,403836.0,225999
73,45155.0,225999
74,596164.0,344692
75,1000000.0,142306
76,1000000.0,7115
77,403836.0,225999
78,1000000.0,268690
79,328897.0,268690
80,328897.0,268690
81,1000000.0,135184
82,1000000.0,153415
83,1000000.0,353227
84,1000000.0,28199
85,1000000.0,28199
86,1000000.0,70210
87,1000000.0,70210
88,32246.0,32447
89,1000000.0,363720
90,612745.0,118815
91,387255.0,158420
92,387255.0,158420
93,387255.0,158420
94,387255.0,261089
95,1000000.0,235875
96,1000000.0,24451
97,223808.0,357639
98,1000000.0,357639
99,259504.0,208024
100,1000000.0,208024
101,1000000.0,178170
102,1000000.0,25387
103,1000000.0,56853
104,1000000.0,263451
105,1000000.0,25387
106,1000000.0,263451
107,978629.0,178170
108,489511.0,53972
109,1000000.0,295579
110,1000000.0,78081
111,336477.0,167671
112,1000000.0,43039
113,1000000.0,43039
114,397805.0,211198
115,602195.0,181251
116,397805.0,211198
117,839535.0,369580
118,839535.0,369580
119,954845.0,7597
120,839535.0,369580
121,839535.0,369580
122,1000000.0,49329
123,1000000.0,28666
124,1000000.0,246286
125,1000000.0,246286
126,1000000.0,246286
127,1000000.0,42199
128,1000000.0,267372
129,1000000.0,267372
130,1000000.0,267372
131,1000000.0,267372
132,1000000.0,267372
133,847290.0,267372
134,45155.0,267372
135,403836.0,267372
136,403836.0,267372
137,1000000.0,267372
138,529645.0,93160
139,1000000.0,2278
140,1000000.0,93160
141,1000000.0,93160
142,1000000.0,2278
143,1000000.0,2208
144,1000000.0,2208
145,1000000.0,148810
146,1000000.0,148810
147,1000000.0,58338
148,1000000.0,148810
149,1000000.0,148810
150,1000000.0,148810
151,1000000.0,148810
152,1000000.0,54372
153,1000000.0,54372
154,1000000.0,8502
155,1000000.0,302466
156,1000000.0,253926
157,200633.0,253926
158,846385.0,311065
159,1000000.0,19637
160,846385.0,311065
161,846385.0,311065
162,153615.0,198066
163,1000000.0,19637
164,846385.0,311065
165,153615.0,198066
166,846385.0,311065
167,1000000.0,91187
168,652162.0,91187
169,652162.0,91187
170,1000000.0,178170
171,1000000.0,178170
172,1000000.0,263451
173,1000000.0,178170
174,1000000.0,263451
175,978629.0,53742
176,340739.0,163847
177,340739.0,163847
178,286332.0,93767
179,372929.0,287867
180,340739.0,163847
181,659261.0,60854
182,100145.0,213987
183,1000000.0,55141
184,58786.0,40180
185,1000000.0,18903
186,191479.0,156902
187,191479.0,156902
188,191479.0,65083
189,1000000.0,83982
190,1000000.0,352096
191,1000000.0,169193
192,392499.0,114143
193,1000000.0,352096
194,1000000.0,21460
195,1000000.0,169193
196,1000000.0,11258
197,1000000.0,3619
198,1000000.0,366669
199,1000000.0,366669
200,1000000.0,22934
201,1000000.0,371923
202,876527.0,297611
203,1000000.0,119339
204,1000000.0,344718
205,876527.0,297611
206,876527.0,297611
207,1000000.0,11825
208,1000000.0,206432
209,1000000.0,206432
210,1000000.0,206432
211,1000000.0,206432
212,1000000.0,206432
213,1000000.0,206432
214,1000000.0,206432
215,478495.0,206432
216,1000000.0,2807
217,1000000.0,147348
218,1000000.0,4478
219,1000000.0,378040
220,1000000.0,11341
221,1000000.0,37622
222,1000000.0,131539
223,1000000.0,67391
224,1000000.0,152198
225,1000000.0,39245
226,1000000.0,152198
227,887456.0,39245
228,521505.0,152198
229,1000000.0,152198
230,1000000.0,179532
231,1000000.0,179532
232,1000000.0,179532
233,1000000.0,325997
234,1000000.0,179532
235,607501.0,221413
236,1000000.0,104697
237,1000000.0,155307
238,1000000.0,104697
239,1000000.0,10511
240,1000000.0,175846
241,1000000.0,175846
242,1000000.0,105878
243,306133.0,105878
244,1000000.0,245770
245,1000000.0,6419
246,451127.0,328957
247,1000000.0,36967
248,1000000.0,288441
249,993989.0,73685
250,1000000.0,288441
251,774886.0,233950
252,993989.0,73685
253,1000000.0,69068
254,852888.0,313282
255,237704.0,238212
256,237704.0,238212
257,237704.0,238212
258,237704.0,200442
259,237704.0,166442
260,1000000.0,4516
261,1000000.0,73051
262,1000000.0,325997
263,1000000.0,85755
264,1000000.0,370942
265,1000000.0,48597
266,1000000.0,229271
267,568219.0,370942
268,1000000.0,229271
269,1000000.0,370942
270,1000000.0,370942
271,1000000.0,370942
272,1000000.0,370942
273,1000000.0,48597
274,1000000.0,21563
275,671103.0,317694
276,671103.0,317694
277,1000000.0,104927
278,590575.0,317694
279,1000000.0,29833
280,1000000.0,29833
281,1000000.0,282816
282,1000000.0,29833
283,1000000.0,134425
284,666921.0,237227
285,1000000.0,237227
286,813584.0,237227
287,1000000.0,41612
288,845355.0,265880
289,547795.0,271097
290,547795.0,369998
291,1000000.0,108808
292,1000000.0,108808
293,1000000.0,45305
294,1000000.0,34373
295,1000000.0,11205
296,1000000.0,273305
297,450629.0,368488
298,466925.0,172009
299,1000000.0,273305
300,450629.0,368488
301,1000000.0,273305
302,450629.0,368488
303,1000000.0,242829
304,1000000.0,242829
305,739612.0,251511
306,1000000.0,131834
307,1000000.0,242264
308,259657.0,197553
309,259657.0,197553
310,1000000.0,6039
311,1000000.0,93270
312,1000000.0,152014
313,1000000.0,7893
314,1000000.0,82838
315,1000000.0,377440
316,1000000.0,346756
317,349879.0,74953
318,349879.0,74953
319,349879.0,74953
320,1000000.0,45947
321,1000000.0,57876
322,1000000.0,57876
323,1000000.0,106194
324,1000000.0,35222
325,1000000.0,49111
326,1000000.0,49111
327,1000000.0,13213
328,1000000.0,269239
329,1000000.0,332817
330,1000000.0,19428
331,203997.0,123241
332,203997.0,123241
333,1000000.0,160052
334,1000000.0,348343
335,1000000.0,373517
336,1000000.0,373517
337,1000000.0,373517
338,1000000.0,373517
339,1000000.0,373517
340,510489.0,373517
341,1000000.0,38407
342,1000000.0,373517
343,1000000.0,373517
344,529645.0,93160
345,529645.0,93160
346,529645.0,93160
347,529645.0,93160
348,448363.0,87784
349,448363.0,248271
350,448363.0,345527
351,448363.0,345527
352,448363.0,218548
353,551637.0,192253
354,448363.0,345527
355,448363.0,248271
356,448363.0,248271
357,448363.0,248271
358,448363.0,345527
359,1000000.0,118250
360,132082.0,140869
361,257015.0,111088
362,742985.0,34530
363,257015.0,111088
364,257015.0,13279
365,257015.0,13279
366,387490.0,112620
367,257015.0,111088
368,257015.0,111088
369,502391.0,213987
370,257015.0,13279
371,257015.0,111088
372,1000000.0,317864
373,1000000.0,317864
374,372524.0,370989
375,875829.0,187960
376,875829.0,187960
377,875829.0,106946
378,875829.0,106946
379,875829.0,187960
380,1000000.0,129704
381,259038.0,84978
382,467922.0,151978
383,1000000.0,103638
384,1000000.0,89464
385,1000000.0,5864
386,581818.0,185981
387,1000000.0,185981
388,1000000.0,185981
389,1000000.0,93160
390,1000000.0,93160
391,1000000.0,2278
392,1000000.0,2208
393,1000000.0,3490
394,241376.0,352953
395,241376.0,352953
396,241376.0,352953
397,800674.0,200052
398,800674.0,200052
399,993989.0,288441
400,1000000.0,202482
401,774886.0,288441
402,993989.0,288441
403,123473.0,238118
404,123473.0,238118
405,123473.0,238118
406,796003.0,276996
407,796003.0,276996
408,1000000.0,104842
409,1000000.0,112910
410,1000000.0,112910
411,1000000.0,206147
412,1000000.0,11258
413,1000000.0,366669
414,1000000.0,366669
415,1000000.0,132993
416,242703.0,359736
417,402279.0,359736
418,1000000.0,132993
419,1000000.0,269344
420,402279.0,359736
421,1000000.0,211160
422,402279.0,359736
423,402279.0,359736
424,1000000.0,132993
425,402279.0,359736
426,1000000.0,211160
427,778945.0,212706
428,1000000.0,275838
429,1000000.0,275838
430,1000000.0,8850
431,1000000.0,97201
432,1000000.0,159985
433,1000000.0,85871
434,510489.0,298838
435,1000000.0,373517
436,1000000.0,97201
437,1000000.0,159985
438,112432.0,291029
439,112432.0,291029
440,112432.0,291029
441,1000000.0,3720
442,1000000.0,54372
443,1000000.0,131175
444,1000000.0,131175
445,636847.0,254235
446,431781.0,254235
447,636847.0,254235
448,1000000.0,180761
449,1000000.0,254235
450,1000000.0,180761
451,775828.0,294514
452,775828.0,294514
453,775828.0,294514
454,1000000.0,24534
455,55169.0,323820
456,55169.0,323820
457,1000000.0,378225
458,1000000.0,378225
459,142887.0,47994
460,142887.0,12574
461,142887.0,47994
462,142887.0,110645
463,142887.0,12574
464,1000000.0,154918
465,1000000.0,92609
466,1000000.0,154918
467,1000000.0,206997
468,1000000.0,93407
469,32246.0,363720
470,967754.0,77144
471,199425.0,130738
472,199425.0,130738
473,199425.0,130738
474,1000000.0,40268
475,223681.0,363411
476,1000000.0,100423
477,1000000.0,17421
478,1000000.0,222106
479,1000000.0,107466
480,1000000.0,222106
481,1000000.0,222106
482,1000000.0,315771
483,265329.0,305273
484,52134.0,183882
485,1000000.0,218544
486,192628.0,331854
487,1000000.0,218544
488,192628.0,331854
489,1000000.0,317446
490,1000000.0,64422
491,1000000.0,8361
492,1000000.0,191327
493,1000000.0,317446
494,142346.0,317446
495,1000000.0,191327
496,1000000.0,64422
497,1000000.0,317446
498,1000000.0,64422
499,1000000.0,68697
500,1000000.0,242542
501,1000000.0,242542
502,1000000.0,226425
503,1000000.0,242542
504,847290.0,242542
505,45155.0,242542
506,403836.0,242542
507,403836.0,242542
508,1000000.0,242542
509,735382.0,122828
510,1000000.0,6980
511,1000000.0,96438
512,1000000.0,234611
513,1000000.0,146037
514,1000000.0,220441
515,1000000.0,220441
516,1000000.0,167807
517,1000000.0,195283
518,1000000.0,195283
519,1000000.0,65000
520,1000000.0,195283
521,1000000.0,114837
522,1000000.0,99661
523,775828.0,294514
524,55169.0,323820
525,55169.0,323820
526,808284.0,216888
527,1000000.0,83958
528,740962.0,17361
529,1000000.0,107806
530,1000000.0,330154
531,1000000.0,28288
532,1000000.0,252608
533,780711.0,252608
534,1000000.0,252608
535,1000000.0,252608
536,211763.0,207383
537,1000000.0,27025
538,211763.0,207383
539,1000000.0,33204
540,1000000.0,8664
541,211763.0,260230
542,846385.0,311065
543,1000000.0,6947
544,1000000.0,175420
545,846385.0,311065
546,1000000.0,146530
547,1000000.0,6947
548,128081.0,247189
549,1000000.0,9053
550,1000000.0,178618
551,449104.0,178618
552,1000000.0,12077
553,780886.0,362742
554,1000000.0,78860
555,702358.0,78860
556,219114.0,243194
557,1000000.0,32025
558,1000000.0,78860
559,1000000.0,206432
560,1000000.0,206432
561,1000000.0,206432
562,1000000.0,203221
563,1000000.0,206432
564,1000000.0,102024
565,478495.0,203221
566,1000000.0,359386
567,1000000.0,359386
568,1000000.0,359386
569,1000000.0,21205
570,1000000.0,4946
571,1000000.0,35759
572,1000000.0,35290
573,1000000.0,22252
574,1000000.0,110583
575,786351.0,138389
576,1000000.0,257946
577,1000000.0,257946
578,1000000.0,30883
579,1000000.0,30722
580,1000000.0,30722
581,1000000.0,209045
582,864449.0,366419
583,1000000.0,366419
584,956188.0,347497
585,864449.0,366419
586,431781.0,96741
587,363153.0,156703
588,1000000.0,18840
589,636847.0,254235
590,636847.0,96741
591,636847.0,254235
592,1000000.0,222601
593,1000000.0,126563
594,1000000.0,71096
595,1000000.0,126822
596,1000000.0,126822
597,539572.0,263924
598,1000000.0,94662
599,1000000.0,148810
600,1000000.0,64167
601,1000000.0,94662
602,1000000.0,94662
603,1000000.0,94662
604,945253.0,280004
605,945253.0,280004
606,945253.0,18115
607,338539.0,184052
608,327097.0,311195
609,652355.0,170907
610,1000000.0,212516
611,1000000.0,77381
612,1000000.0,77381
613,1000000.0,212516
614,1000000.0,217903
615,1000000.0,242542
616,1000000.0,217903
617,847290.0,54758
618,45155.0,54758
619,403836.0,225999
620,403836.0,225999
621,1000000.0,217903
622,562624.0,317004
623,562624.0,239359
624,562624.0,239359
625,562624.0,239359
626,562624.0,239359
627,396526.0,255169
628,1000000.0,4018
629,396526.0,255169
630,396526.0,255169
631,319901.0,154635
632,562624.0,239359
633,245150.0,368674
634,245150.0,368674
635,1000000.0,345115
636,1000000.0,44590
637,1000000.0,2966
638,245150.0,368674
639,1000000.0,345115
640,1000000.0,308752
641,1000000.0,308752
642,1000000.0,39815
643,1000000.0,20100
644,1000000.0,39815
645,1000000.0,2148
646,1000000.0,80104
647,192628.0,331854
648,1000000.0,58623
649,192628.0,331854
650,1000000.0,5197
651,1000000.0,165822
652,1000000.0,304878
653,1000000.0,165822
654,1000000.0,81963
655,1000000.0,304878
656,1000000.0,196294
657,1000000.0,66771
658,1000000.0,5518
659,1000000.0,29107
660,1000000.0,111088
661,1000000.0,111088
662,1000000.0,19714
663,1000000.0,2152
664,1000000.0,111088
665,1000000.0,73856
666,1000000.0,96649
667,1000000.0,60346
668,1000000.0,222531
669,1000000.0,25459
670,1000000.0,277895
671,1000000.0,5486
672,1000000.0,7107
673,1000000.0,7107
674,1000000.0,4511
675,1000000.0,4692
676,387490.0,112620
677,759406.0,213987
678,369243.0,182888
679,1000000.0,182888
680,1000000.0,59289
681,1000000.0,212922
682,1000000.0,293755
683,556309.0,293755
684,1000000.0,212922
685,556309.0,293755
686,556309.0,293755
687,1000000.0,369998
688,1000000.0,16761
689,1000000.0,218845
690,1000000.0,18397
691,1000000.0,218845
692,1000000.0,39422
693,1000000.0,220213
694,1000000.0,220213
695,1000000.0,220213
696,1000000.0,220213
697,1000000.0,201780
698,1000000.0,26030
699,1000000.0,3478
700,1000000.0,15013
701,1000000.0,132861
702,1000000.0,10689
703,1000000.0,6934
704,1000000.0,70210
705,1000000.0,70210
706,1000000.0,317446
707,1000000.0,317446
708,1000000.0,317446
709,1000000.0,96324
710,142346.0,96324
711,1000000.0,317446
712,1000000.0,317446
713,1000000.0,96324
714,1000000.0,317446
715,1000000.0,97201
716,1000000.0,159985
717,1000000.0,85871
718,510489.0,298838
719,1000000.0,373517
720,1000000.0,97201
721,1000000.0,159985
722,1000000.0,82876
723,1000000.0,12777
724,1000000.0,12777
725,1000000.0,133810
726,1000000.0,323211
727,1000000.0,323211
728,1000000.0,222788
729,690088.0,271642
730,1000000.0,271642
731,60722.0,271642
732,1000000.0,88947
733,690088.0,271642
734,1000000.0,271642
735,590725.0,88947
736,1000000.0,110293
737,780711.0,65523
738,1000000.0,65523
739,1000000.0,122084
740,1000000.0,185381
741,1000000.0,17271
742,1000000.0,206432
743,1000000.0,185381
744,1000000.0,206432
745,478495.0,206432
746,1000000.0,60804
747,1000000.0,39677
748,542890.0,173520
749,542890.0,173520
750,627071.0,93767
751,1000000.0,120717
752,1000000.0,120717
753,1000000.0,144629
754,336477.0,167671
755,336477.0,167671
756,734282.0,181251
757,160465.0,209869
758,1000000.0,61056
759,794380.0,369580
760,1000000.0,61056
761,160465.0,209869
762,1000000.0,61056
763,1000000.0,101297
764,1000000.0,365483
765,1000000.0,31163
766,1000000.0,19432
767,281609.0,162148
768,1000000.0,180705
769,1000000.0,117728
770,1000000.0,41962
771,1000000.0,13945
772,650121.0,319057
773,1000000.0,13945
774,650121.0,319057
775,349879.0,74953
776,650121.0,319057
777,650121.0,118587
778,1000000.0,232721
779,1000000.0,39815
780,1000000.0,26514
781,1000000.0,88067
782,1000000.0,88067
783,881051.0,39024
784,1000000.0,7804
785,585045.0,119663
786,1000000.0,296187
787,1000000.0,42243
788,1000000.0,329963
789,1000000.0,121123
790,750284.0,121123
791,1000000.0,121123
792,750284.0,121123
793,1000000.0,242542
794,1000000.0,157132
795,847290.0,217903
796,45155.0,217903
797,403836.0,225999
798,403836.0,225999
799,1000000.0,157132
800,1000000.0,6687
801,242983.0,74224
802,1000000.0,4108
803,200423.0,276384
804,200423.0,276384
805,1000000.0,77333
806,893343.0,276384
807,893343.0,276384
808,1000000.0,9302
809,1000000.0,187960
810,1000000.0,187960
811,1000000.0,47354
812,210206.0,128308
813,1000000.0,290522
814,1000000.0,290522
815,1000000.0,4493
816,1000000.0,3807
817,1000000.0,111088
818,1000000.0,111088
819,1000000.0,29107
820,1000000.0,29107
821,1000000.0,111088
822,1000000.0,73856
823,238816.0,244263
824,238816.0,311686
825,238816.0,311686
826,61395.0,358829
827,96470.0,228014
828,238816.0,228014
829,238816.0,228014
830,1000000.0,5357
831,238816.0,278280
832,1000000.0,155958
833,1000000.0,57321
834,770648.0,57321
835,147112.0,65853
836,1000000.0,177948
837,1000000.0,133809
838,1000000.0,29200
839,1000000.0,29200
840,1000000.0,29200
841,159220.0,291793
842,671688.0,359856
843,1000000.0,291793
844,1000000.0,291793
845,241376.0,352953
846,241376.0,352953
847,241376.0,352953
848,1000000.0,3045
849,1000000.0,242542
850,847290.0,242542
851,45155.0,242542
852,403836.0,242542
853,403836.0,242542
854,1000000.0,242542
855,1000000.0,234611
856,1000000.0,146037
857,1000000.0,3037
858,1000000.0,27624
859,1000000.0,154918
860,1000000.0,24834
861,1000000.0,35290
862,1000000.0,110583
863,786351.0,138389
864,1000000.0,202476
865,1000000.0,202476
866,1000000.0,11308
867,1000000.0,282816
868,1000000.0,11308
869,1000000.0,10613
870,397805.0,211198
871,602195.0,181251
872,397805.0,211198
873,1000000.0,237941
874,435928.0,237941
875,1000000.0,78973
876,846385.0,311065
877,846385.0,311065
878,153615.0,198066
879,1000000.0,10642
880,846385.0,311065
881,153615.0,198066
882,846385.0,311065
883,1000000.0,155307
884,1000000.0,76951
885,1000000.0,104697
886,1000000.0,10452
887,1000000.0,5352
888,1000000.0,45338
889,1000000.0,88037
890,1000000.0,88037
891,199425.0,130738
892,1000000.0,55546
893,200423.0,276384
894,307080.0,263693
895,307080.0,231267
896,785620.0,284149
897,214380.0,294431
898,214380.0,47796
899,198308.0,319057
900,801692.0,279297
901,198308.0,319057
902,801692.0,288794
903,801692.0,288794
904,198308.0,319057
905,801692.0,169566
906,801692.0,194014
907,198308.0,169567
908,242703.0,359736
909,402279.0,359736
910,1000000.0,6312
911,1000000.0,269344
912,402279.0,359736
913,1000000.0,211160
914,402279.0,359736
915,402279.0,359736
916,1000000.0,81572
917,402279.0,359736
918,1000000.0,211160
919,1000000.0,159985
920,1000000.0,97201
921,510489.0,298838
922,1000000.0,373517
923,1000000.0,97201
924,1000000.0,159985
925,6011.0,19015
926,6011.0,19015
927,693867.0,53952
928,1000000.0,53952
929,1000000.0,88384
930,1000000.0,246826
931,1000000.0,379913
932,1000000.0,379913
933,1000000.0,90399
934,1000000.0,55599
935,1000000.0,323211
936,1000000.0,323211
937,1000000.0,222788
938,1000000.0,302962
939,1000000.0,12645
940,1000000.0,6996
941,566948.0,142024
942,690088.0,221059
943,690088.0,271642
944,1000000.0,26168
945,690088.0,193519
946,590725.0,271642
947,1000000.0,29485
948,1000000.0,11703
949,1000000.0,11658
950,1000000.0,284767
951,389813.0,284767
952,1000000.0,26796
953,33141.0,369729
954,615740.0,314073
955,546137.0,314073
956,615740.0,369729
957,993989.0,288441
958,774886.0,233950
959,1000000.0,10857
960,6011.0,53952
961,6011.0,53952
962,1000000.0,61562
963,1000000.0,37740
964,1000000.0,37740
965,498546.0,317561
966,1000000.0,340682
967,1000000.0,340682
968,1000000.0,340682
969,1000000.0,19980
970,1000000.0,6043
971,1000000.0,63395
972,1000000.0,10294
973,1000000.0,49111
974,1000000.0,256203
975,653164.0,256203
976,1000000.0,209599
977,1000000.0,15408
978,1000000.0,15408
979,1000000.0,311686
980,1000000.0,311686
981,857654.0,244263
982,1000000.0,244263
983,1000000.0,244263
984,238816.0,244263
985,504080.0,278280
986,1000000.0,10440
987,1000000.0,111088
988,1000000.0,111088
989,1000000.0,10440
990,1000000.0,111088
991,7410.0,173430
992,223681.0,363411
993,223681.0,363411
994,1000000.0,187960
995,1000000.0,187960
996,1000000.0,47354
997,1000000.0,3455
998,763374.0,162405
999,1000000.0,12436
1000,1000000.0,4975
1001,604034.0,278429
1002,1000000.0,33837
1003,1000000.0,43779
1004,1000000.0,2282
1005,1000000.0,2282
1006,1000000.0,154918
1007,1000000.0,49325
1008,1000000.0,28884
1009,1000000.0,370942
1010,1000000.0,370942
1011,568219.0,169494
1012,1000000.0,370942
1013,1000000.0,169494
1014,1000000.0,169494
1015,1000000.0,277820
1016,1000000.0,145445
1017,1000000.0,370942
1018,1000000.0,252217
1019,1000000.0,164092
1020,1000000.0,159985
1021,510489.0,298838
1022,1000000.0,373517
1023,1000000.0,159985
1024,1000000.0,54170
1025,650121.0,319057
1026,1000000.0,8854
1027,650121.0,319057
1028,349879.0,74953
1029,650121.0,319057
1030,650121.0,118587
1031,1000000.0,71389
1032,1000000.0,71389
1033,347838.0,42608
1034,532705.0,342178
1035,347838.0,42608
1036,1000000.0,102790
1037,532705.0,342178
1038,532705.0,342178
1039,1000000.0,37931
1040,1000000.0,262081
1041,366319.0,238412
1042,1000000.0,300544
1043,1000000.0,300544
1044,1000000.0,48971
1045,1000000.0,67650
1046,857654.0,311686
1047,1000000.0,311686
1048,1000000.0,311686
1049,238816.0,311686
1050,504080.0,311686
1051,1000000.0,17961
1052,90006.0,349909
1053,90006.0,349909
1054,1000000.0,298042
1055,1000000.0,133035
1056,1000000.0,133035
1057,1000000.0,119542
1058,786655.0,280396
1059,1000000.0,65741
1060,1000000.0,60804
1061,1000000.0,50424
1062,1000000.0,154031
1063,1000000.0,154031
1064,210206.0,290522
1065,210206.0,290522
1066,210206.0,128308
1067,789794.0,330333
1068,857654.0,311686
1069,1000000.0,311686
1070,1000000.0,311686
1071,238816.0,311686
1072,504080.0,311686
1073,619365.0,238359
1074,619365.0,238359
1075,380635.0,333746
1076,619365.0,278598
1077,619365.0,238359
1078,271565.0,278598
1079,1000000.0,52307
1080,1000000.0,52307
1081,1000000.0,52307
1082,1000000.0,246560
1083,1000000.0,246560
1084,1000000.0,246560
1085,1000000.0,128170
1086,799367.0,11677
1087,1000000.0,148475
1088,581818.0,185981
1089,1000000.0,185981
1090,1000000.0,185981
1091,1000000.0,36061
1092,1000000.0,323211
1093,1000000.0,33455
1094,1000000.0,33455
1095,1000000.0,318898
1096,1000000.0,49199
1097,1000000.0,104088
1098,1000000.0,104088
1099,1000000.0,109318
1100,259038.0,129704
1101,467922.0,151978
1102,1000000.0,129704
1103,1000000.0,206997
1104,852888.0,313282
1105,830329.0,306106
1106,1000000.0,306106
1107,1000000.0,19980
1108,1000000.0,63395
1109,1000000.0,29821
1110,245150.0,368674
1111,245150.0,368674
1112,245150.0,368674
1113,1000000.0,29821
1114,245150.0,368674
1115,333972.0,195352
1116,1000000.0,2029
1117,1000000.0,93160
1118,1000000.0,43810
1119,1000000.0,67349
1120,1000000.0,64422
1121,1000000.0,191327
1122,1000000.0,317446
1123,142346.0,317446
1124,1000000.0,191327
1125,1000000.0,34446
1126,1000000.0,317446
1127,1000000.0,34446
1128,980053.0,197904
1129,1000000.0,281139
1130,767430.0,197904
1131,1000000.0,197904
1132,1000000.0,197904
1133,1000000.0,197904
1134,1000000.0,6488
1135,796003.0,276996
1136,1000000.0,229271
1137,568219.0,370942
1138,1000000.0,229271
1139,1000000.0,370942
1140,1000000.0,370942
1141,1000000.0,370942
1142,1000000.0,370942
1143,1000000.0,34817
1144,264618.0,246121
1145,1000000.0,104791
1146,264073.0,246121
1147,1000000.0,246121
1148,219289.0,270172
1149,219289.0,52487
1150,780711.0,31302
1151,780711.0,122084
1152,219289.0,141292
1153,219289.0,270172
1154,1000000.0,189782
1155,1000000.0,277219
1156,1000000.0,277219
1157,1000000.0,38070
1158,1000000.0,101692
1159,1000000.0,101692
1160,1000000.0,101692
1161,150017.0,335282
1162,1000000.0,31258
1163,1000000.0,121338
1164,232440.0,203129
1165,1000000.0,56061
1166,1000000.0,121338
1167,1000000.0,122644
1168,1000000.0,191327
1169,1000000.0,317446
1170,142346.0,317446
1171,1000000.0,191327
1172,1000000.0,64422
1173,1000000.0,317446
1174,1000000.0,64422
1175,851185.0,20174
1176,1000000.0,41849
1177,1000000.0,9290
1178,1000000.0,79031
1179,1000000.0,164014
1180,225114.0,309107
1181,408048.0,99671
1182,591952.0,82698
1183,408048.0,49083
1184,1000000.0,12556
1185,242703.0,256379
1186,242703.0,359736
1187,242703.0,359736
1188,242703.0,175512
1189,242703.0,359736
1190,242703.0,256379
1191,242703.0,256379
1192,757297.0,294839
1193,242703.0,359736
1194,242703.0,168538
1195,242703.0,359736
1196,1000000.0,218845
1197,1000000.0,110407
1198,1000000.0,218845
1199,1000000.0,21795
1200,1000000.0,220441
1201,1000000.0,51413
1202,154645.0,129969
1203,1000000.0,317446
1204,142346.0,317446
1205,1000000.0,27354
1206,1000000.0,191327
1207,1000000.0,317446
1208,1000000.0,191327
1209,1000000.0,378040
1210,1000000.0,378040
1211,562148.0,148494
1212,69389.0,148494
1213,1000000.0,148494
1214,69389.0,148494
1215,562148.0,148494
1216,689239.0,213663
1217,570655.0,131455
1218,1000000.0,2747
1219,1000000.0,47994
1220,1000000.0,3650
1221,1000000.0,110645
1222,1000000.0,47994
1223,1000000.0,85533
1224,332446.0,185088
1225,647548.0,343004
1226,332446.0,185088
1227,1000000.0,6008
1228,1000000.0,72509
1229,1000000.0,88347
1230,1000000.0,22208
1231,1000000.0,88347
1232,30037.0,317004
1233,30037.0,179843
1234,30037.0,189850
1235,510489.0,298838
1236,1000000.0,373517
1237,1000000.0,97201
1238,1000000.0,159985
1239,724672.0,354106
1240,76676.0,42968
1241,1000000.0,354439
1242,1000000.0,8520
1243,1000000.0,13495
1244,876527.0,371923
1245,1000000.0,371923
1246,1000000.0,371923
1247,876527.0,371923
1248,876527.0,371923
1249,1000000.0,9160
1250,893697.0,272324
1251,106303.0,114893
1252,893697.0,182093
1253,106303.0,66950
1254,1000000.0,377440
1255,143571.0,77213
1256,1000000.0,38274
1257,867918.0,104779
1258,160465.0,209869
1259,160465.0,209869
1260,1000000.0,7029
1261,160465.0,209869
1262,1000000.0,3013
1263,1000000.0,187960
1264,1000000.0,270172
1265,718391.0,270172
1266,1000000.0,16947
1267,1000000.0,6436
1268,1000000.0,20133
1269,61727.0,192645
1270,831385.0,192645
1271,185275.0,164398
1272,1000000.0,5315
1273,185275.0,354713
1274,185275.0,354713
1275,1000000.0,4718
1276,1000000.0,224725
1277,1000000.0,20133
1278,1000000.0,53577
1279,539572.0,263924
1280,1000000.0,338047
1281,654656.0,338047
1282,1000000.0,338047
1283,1000000.0,13145
1284,492759.0,338047
1285,1000000.0,142943
1286,492759.0,338047
1287,332446.0,185088
1288,647548.0,343004
1289,332446.0,185088
1290,264618.0,246121
1291,264073.0,246121
1292,735382.0,122828
1293,264618.0,21336
1294,1000000.0,68604
1295,1000000.0,306494
1296,1000000.0,306494
1297,296232.0,378479
1298,11053.0,378479
1299,1000000.0,378479
1300,1000000.0,44261
1301,1000000.0,247386
1302,652162.0,42609
1303,652162.0,42609
1304,1000000.0,5600
1305,889529.0,105459
1306,644725.0,317004
1307,1000000.0,317004
1308,923324.0,317004
1309,644725.0,317004
1310,562624.0,317004
1311,319901.0,317004
1312,1000000.0,317004
1313,1000000.0,41849
1314,1000000.0,79031
1315,1000000.0,164014
1316,1000000.0,134212
1317,1000000.0,279791
1318,1000000.0,329101
1319,1000000.0,279791
1320,1000000.0,329101
1321,1000000.0,37946
1322,1000000.0,265161
1323,1000000.0,27624
1324,167376.0,75249
1325,1000000.0,137020
1326,1000000.0,192722
1327,1000000.0,11299
1328,1000000.0,73051
1329,1000000.0,325997
1330,1000000.0,85755
1331,1000000.0,96649
1332,1000000.0,20880
1333,1000000.0,135929
1334,1000000.0,14302
1335,1000000.0,175420
1336,846385.0,311065
1337,1000000.0,146530
1338,1000000.0,3715
1339,847290.0,217903
1340,45155.0,217903
1341,403836.0,225999
1342,403836.0,225999
1343,1000000.0,2912
1344,688205.0,81810
1345,688205.0,228399
1346,478184.0,18672
1347,844027.0,241861
1348,999713.0,195912
1349,999713.0,77162
1350,287.0,357223
1351,999713.0,77162
1352,287.0,66595
1353,844027.0,241861
1354,346549.0,241861
1355,844027.0,241861
1356,844027.0,241861
1357,999713.0,195912
1358,1000000.0,51926
1359,1000000.0,186564
1360,419269.0,52006
1361,1000000.0,31773
1362,1000000.0,43779
1363,1000000.0,43779
1364,1000000.0,346126
1365,1000000.0,346126
1366,1000000.0,208333
1367,1000000.0,346126
1368,1000000.0,346126
1369,1000000.0,97102
1370,1000000.0,272324
1371,1000000.0,227786
1372,1000000.0,227786
1373,768566.0,236745
1374,1000000.0,227786
1375,1000000.0,227786
1376,1000000.0,42952
1377,832624.0,321628
1378,167376.0,137020
1379,832624.0,321628
1380,832624.0,321628
1381,832624.0,321628
1382,832624.0,168332
1383,1000000.0,212516
1384,1000000.0,212516
1385,1000000.0,40586
1386,1000000.0,155307
1387,1000000.0,155307
1388,510489.0,373517
1389,510489.0,298838
1390,489511.0,295579
1391,489511.0,78081
1392,510489.0,298838
1393,17936.0,328926
1394,17936.0,328926
1395,1000000.0,121291
1396,784731.0,333608
1397,961709.0,333608
1398,1000000.0,21677
1399,1000000.0,91931
1400,307482.0,354101
1401,1000000.0,36926
1402,307482.0,354101
1403,355160.0,92123
1404,355160.0,92123
1405,1000000.0,93270
1406,1000000.0,152014
1407,650121.0,319057
1408,1000000.0,111376
1409,1000000.0,294790
1410,1000000.0,319057
1411,259038.0,151978
1412,259038.0,103638
1413,770648.0,57321
1414,147112.0,65853
1415,1000000.0,177948
1416,85808.0,158113
1417,33141.0,369729
1418,33141.0,369729
1419,33141.0,179827
1420,85808.0,301438
1421,881051.0,39024
1422,466096.0,119663
1423,85808.0,301438
1424,85808.0,301438
1425,881051.0,296187
1426,1000000.0,4799
1427,1000000.0,30097
1428,232570.0,100244
1429,237525.0,231083
1430,1000000.0,3874
1431,1000000.0,42376
1432,1000000.0,135929
1433,1000000.0,20880
1434,847842.0,369528
1435,1000000.0,36966
1436,847842.0,369528
1437,402279.0,359736
1438,402279.0,359736
1439,1000000.0,256379
1440,402279.0,359736
1441,1000000.0,108040
1442,1000000.0,151857
1443,402279.0,359736
1444,1000000.0,256379
1445,402279.0,359736
1446,844314.0,241861
1447,844314.0,241861
1448,844314.0,241861
1449,1000000.0,113054
1450,346836.0,113054
1451,1000000.0,113054
1452,1000000.0,113054
1453,844314.0,241861
1454,718391.0,141292
1455,1000000.0,270172
1456,661461.0,69472
1457,661461.0,69472
1458,661461.0,128693
1459,661461.0,128693
1460,1000000.0,22647
1461,768566.0,236745
1462,1000000.0,14641
1463,1000000.0,22647
1464,1000000.0,80104
1465,1000000.0,323211
1466,1000000.0,81328
1467,1000000.0,215139
1468,991604.0,274727
1469,1000000.0,274727
1470,414955.0,215139
1471,1000000.0,215139
1472,1000000.0,9565
1473,1000000.0,287013
1474,1000000.0,287013
1475,763374.0,162405
1476,236626.0,115276
1477,767560.0,127804
1478,986259.0,249920
1479,1000000.0,269344
1480,402279.0,359736
1481,1000000.0,211160
1482,402279.0,359736
1483,402279.0,359736
1484,1000000.0,81572
1485,402279.0,359736
1486,1000000.0,211160
1487,1000000.0,54372
1488,1000000.0,332817
1489,1000000.0,269239
1490,1000000.0,306494
1491,1000000.0,306494
1492,1000000.0,75812
1493,1000000.0,169693
1494,1000000.0,79010
1495,1000000.0,79010
1496,1000000.0,169693
1497,1000000.0,79010
1498,1000000.0,345040
1499,1000000.0,14226
1500,1000000.0,58476
1501,1000000.0,278598
1502,1000000.0,11001
1503,652200.0,278598
1504,1000000.0,165822
1505,1000000.0,304878
1506,1000000.0,165822
1507,1000000.0,81963
1508,1000000.0,304878
1509,1000000.0,378798
1510,768566.0,236745
1511,1000000.0,22647
1512,1000000.0,22647
1513,150017.0,335282
1514,327097.0,311195
1515,226654.0,244494
1516,226654.0,105297
1517,296232.0,264343
1518,1000000.0,195912
1519,1000000.0,195912
1520,844314.0,241861
1521,346836.0,241861
1522,844314.0,241861
1523,844314.0,241861
1524,1000000.0,127242
1525,568219.0,370942
1526,1000000.0,229271
1527,1000000.0,370942
1528,1000000.0,370942
1529,1000000.0,370942
1530,1000000.0,370942
1531,1000000.0,229271
1532,1000000.0,155382
1533,61395.0,358829
1534,654656.0,289089
1535,1000000.0,289089
1536,1000000.0,338047
1537,492759.0,70470
1538,1000000.0,338047
1539,492759.0,70470
1540,1000000.0,6867
1541,460428.0,380012
1542,1000000.0,230880
1543,1000000.0,230880
1544,1000000.0,3745
1545,1000000.0,230880
1546,1000000.0,218252
1547,1000000.0,126474
1548,1000000.0,126474
1549,1000000.0,126474
1550,768566.0,236745
1551,768566.0,236745
1552,1000000.0,4928
1553,1000000.0,285736
1554,1000000.0,185309
1555,1000000.0,2600
1556,1000000.0,34192
1557,1000000.0,14033
1558,1000000.0,125068
1559,1000000.0,125068
1560,938273.0,26592
1561,61727.0,105435
1562,1000000.0,242787
1563,372929.0,287867
1564,1000000.0,32240
1565,1000000.0,69987
1566,644725.0,189850
1567,644725.0,189850
1568,1000000.0,2880
1569,562624.0,239359
1570,319901.0,239359
1571,644725.0,134282
1572,325285.0,331966
1573,575900.0,258313
1574,1000000.0,185381
1575,1000000.0,206432
1576,1000000.0,31938
1577,1000000.0,206432
1578,478495.0,206432
1579,1000000.0,29485
1580,1000000.0,49850
1581,347838.0,71389
1582,532705.0,342178
1583,347838.0,71389
1584,1000000.0,102790
1585,532705.0,342178
1586,532705.0,342178
1587,1000000.0,7231
1588,1000000.0,262081
1589,1000000.0,90009
1590,1000000.0,307541
1591,221055.0,307541
1592,1000000.0,307541
1593,1000000.0,160625
1594,548873.0,282705
1595,451127.0,328957
1596,548873.0,282705
1597,548873.0,282705
1598,548873.0,282705
1599,1000000.0,200889
1600,846385.0,311065
1601,1000000.0,175420
1602,1000000.0,175420
1603,153615.0,198066
1604,1000000.0,3829
1605,159220.0,359856
1606,159220.0,108473
1607,159220.0,108473
1608,1000000.0,19913
1609,1000000.0,215139
1610,991604.0,274727
1611,1000000.0,274727
1612,414955.0,215139
1613,1000000.0,215139
1614,245150.0,368674
1615,245150.0,368674
1616,245150.0,368674
1617,1000000.0,15294
1618,245150.0,368674
1619,333972.0,195352
1620,1000000.0,318898
1621,397805.0,211198
1622,602195.0,181251
1623,397805.0,211198
1624,1000000.0,2389
1625,1000000.0,290761
1626,1000000.0,88347
1627,1000000.0,72509
1628,1000000.0,88347
1629,1000000.0,222601
1630,1000000.0,222601
1631,830329.0,181354
1632,1000000.0,12216
1633,1000000.0,369226
1634,1000000.0,109391
1635,1000000.0,109391
1636,1000000.0,178311
1637,1000000.0,111088
1638,1000000.0,111088
1639,1000000.0,2280
1640,1000000.0,111088
1641,1000000.0,10286
1642,1000000.0,24108
1643,1000000.0,78649
1644,1000000.0,104193
1645,1000000.0,104193
1646,1000000.0,24108
1647,1000000.0,2508
1648,347838.0,71389
1649,532705.0,342178
1650,347838.0,71389
1651,1000000.0,102790
1652,532705.0,342178
1653,532705.0,342178
1654,671688.0,359856
1655,671688.0,359856
1656,567411.0,114708
1657,211763.0,207383
1658,1000000.0,26461
1659,211763.0,207383
1660,211763.0,207383
1661,432589.0,260230
1662,409275.0,214389
1663,1000000.0,332817
1664,1000000.0,301438
1665,1000000.0,301438
1666,1000000.0,301438
1667,111587.0,247349
1668,402279.0,359736
1669,1000000.0,269344
1670,402279.0,359736
1671,402279.0,359736
1672,1000000.0,269344
1673,402279.0,359736
1674,1000000.0,269344
1675,1000000.0,2282
1676,850338.0,282933
1677,457110.0,331067
1678,1000000.0,37133
1679,457110.0,331067
1680,1000000.0,37133
1681,1000000.0,115694
1682,1000000.0,131130
1683,1000000.0,131130
1684,1000000.0,105458
1685,512166.0,232301
1686,512166.0,148533
1687,923324.0,3843
1688,644725.0,189850
1689,562624.0,239359
1690,319901.0,239359
1691,1000000.0,189850
1692,1000000.0,3722
1693,347838.0,102790
1694,794380.0,369580
1695,1000000.0,17214
1696,160465.0,209869
1697,1000000.0,17214
1698,1000000.0,68061
1699,1000000.0,352096
1700,392499.0,352096
1701,1000000.0,156578
1702,1000000.0,352096
1703,1000000.0,352096
1704,1000000.0,5011
1705,507241.0,25928
1706,437852.0,76616
1707,562148.0,76617
1708,507241.0,25928
1709,1000000.0,18030
1710,860774.0,372173
1711,1000000.0,131852
1712,1000000.0,54893
1713,1000000.0,4995
1714,1000000.0,3028
1715,847842.0,369528
1716,1000000.0,95865
1717,876527.0,297611
1718,876527.0,344718
1719,1000000.0,37230
1720,1000000.0,37230
1721,1000000.0,259165
1722,1000000.0,259165
1723,110471.0,290873
1724,1000000.0,28709
1725,369243.0,144764
1726,223808.0,87792
1727,1000000.0,112161
1728,1000000.0,112161
1729,832618.0,367319
1730,832618.0,367319
1731,184841.0,367319
1732,832618.0,367319
1733,961373.0,289346
1734,259015.0,225664
1735,1000000.0,3282
1736,961373.0,289346
1737,889029.0,225664
1738,38627.0,326543
1739,961373.0,289346
1740,1000000.0,82242
1741,1000000.0,93160
1742,914680.0,340516
1743,914680.0,340516
1744,914680.0,340516
1745,1000000.0,369226
1746,1000000.0,109391
1747,1000000.0,109391
1748,1000000.0,178311
1749,1000000.0,89615
1750,1000000.0,294763
1751,1000000.0,2999
1752,307482.0,354101
1753,1000000.0,2176
1754,1000000.0,3854
1755,1000000.0,106194
1756,1000000.0,250235
1757,260388.0,357150
1758,843529.0,307158
1759,532705.0,342178
1760,1000000.0,31316
1761,1000000.0,142637
1762,185275.0,164398
1763,1000000.0,354713
1764,1000000.0,354713
1765,1000000.0,287324
1766,1000000.0,287324
1767,1000000.0,287324
1768,1000000.0,321628
1769,154645.0,129969
1770,1000000.0,114893
1771,302987.0,199497
1772,302987.0,199497
1773,1000000.0,19658
1774,1000000.0,373517
1775,1000000.0,373517
1776,1000000.0,253311
1777,184841.0,119514
1778,1000000.0,253311
1779,1000000.0,330154
1780,1000000.0,80034
1781,1000000.0,102676
1782,1000000.0,220463
1783,281609.0,162148
1784,808284.0,216888
1785,1000000.0,92642
1786,328897.0,200996
1787,328897.0,200996
1788,1000000.0,268690
1789,73969.0,240760
1790,11666.0,294831
1791,372072.0,357027
1792,223083.0,357027
1793,1000000.0,199733
1794,1000000.0,199733
1795,1000000.0,4056
1796,1000000.0,185309
1797,1000000.0,4071
1798,1000000.0,224406
1799,1000000.0,46843
1800,1000000.0,228974
1801,897526.0,368662
1802,654656.0,194849
1803,654656.0,338047
1804,147415.0,289089
1805,654656.0,338047
1806,147415.0,289089
1807,1000000.0,81766
1808,1000000.0,36932
1809,1000000.0,9311
1810,1000000.0,36932
1811,232440.0,203129
1812,1000000.0,121338
1813,1000000.0,9592
1814,1000000.0,369226
1815,1000000.0,369226
1816,1000000.0,369226
1817,1000000.0,141282
1818,1000000.0,175846
1819,306133.0,175846
1820,1000000.0,245770
1821,1000000.0,39815
1822,846385.0,311065
1823,153615.0,198066
1824,846385.0,311065
1825,1000000.0,290761
1826,1000000.0,70438
1827,1000000.0,19542
1828,307448.0,331067
1829,850338.0,282933
1830,307448.0,331067
1831,850338.0,282933
1832,1000000.0,87211
1833,449126.0,254640
1834,1000000.0,158425
1835,1000000.0,195283
1836,1000000.0,4353
1837,1000000.0,56163
1838,1000000.0,111084
1839,1000000.0,264628
1840,1000000.0,248271
1841,470422.0,345527
1842,470422.0,345527
1843,605972.0,218548
1844,1000000.0,345527
1845,1000000.0,248271
1846,1000000.0,248271
1847,1000000.0,248271
1848,470422.0,345527
1849,1000000.0,2984
1850,1000000.0,117844
1851,1000000.0,21163
1852,1000000.0,15934
1853,568219.0,370942
1854,431781.0,96741
1855,568219.0,3779
1856,568219.0,113501
1857,431781.0,254235
1858,431781.0,18151
1859,568219.0,277820
1860,431781.0,254235
1861,568219.0,169494
1862,568219.0,370942
1863,1000000.0,225974
1864,1000000.0,288794
1865,1000000.0,288794
1866,1000000.0,279297
1867,1000000.0,279297
1868,604034.0,278429
1869,1000000.0,33837
1870,1000000.0,10452
1871,1000000.0,45338
1872,864449.0,314875
1873,864449.0,366419
1874,1000000.0,157432
1875,60722.0,243822
1876,1000000.0,271642
1877,690088.0,221059
1878,1000000.0,221059
1879,590725.0,271642
1880,148989.0,207223
1881,1000000.0,71224
1882,38291.0,269859
1883,259504.0,136005
1884,740496.0,184782
1885,1000000.0,325997
1886,1000000.0,85755
1887,1000000.0,66771
1888,1000000.0,30722
1889,1000000.0,209045
1890,232440.0,203129
1891,232440.0,203129
1892,546137.0,207654
1893,1000000.0,369729
1894,1000000.0,304878
1895,1000000.0,29350
1896,1000000.0,165822
1897,1000000.0,304878
1898,1000000.0,68635
1899,1000000.0,93871
1900,747067.0,60513
1901,747067.0,30077
1902,128081.0,247189
1903,980053.0,281139
1904,747483.0,184758
1905,980053.0,184758
1906,980053.0,184758
1907,980053.0,59617
1908,470422.0,345527
1909,470422.0,345527
1910,605972.0,248271
1911,1000000.0,345527
1912,1000000.0,92175
1913,1000000.0,92175
1914,1000000.0,92175
1915,470422.0,345527
1916,1000000.0,46826
1917,1000000.0,46826
1918,1000000.0,321628
1919,1000000.0,258935
1920,1000000.0,378011
1921,1000000.0,68950
1922,1000000.0,15067
1923,199425.0,130738
1924,1000000.0,38476
1925,1000000.0,11910
1926,1000000.0,243997
1927,1000000.0,26105
1928,1000000.0,5452
1929,1000000.0,375542
1930,76676.0,354439
1931,644725.0,189850
1932,562624.0,239359
1933,319901.0,239359
1934,923324.0,189850
1935,76676.0,42968
1936,347838.0,102790
1937,1000000.0,194881
1938,1000000.0,194881
1939,1000000.0,194881
1940,1000000.0,194881
1941,1000000.0,56853
1942,1000000.0,263451
1943,1000000.0,25387
1944,1000000.0,263451
1945,978629.0,178170
1946,1000000.0,27078
1947,470422.0,345527
1948,470422.0,167981
1949,470422.0,345527
1950,470422.0,345527
1951,470422.0,345527
1952,1000000.0,27078
1953,1000000.0,304878
1954,1000000.0,304878
1955,1000000.0,186529
1956,653164.0,25870
1957,1000000.0,106569
1958,1000000.0,8403
1959,1000000.0,108808
1960,1000000.0,175846
1961,306133.0,175846
1962,1000000.0,245770
1963,297642.0,289346
1964,961373.0,289346
1965,1000000.0,46361
1966,927656.0,289346
1967,1000000.0,46361
1968,1000000.0,279791
1969,1000000.0,329101
1970,1000000.0,279791
1971,1000000.0,329101
1972,1000000.0,61814
1973,1000000.0,216297
1974,363153.0,156703
1975,45155.0,7596
1976,403836.0,225999
1977,403836.0,225999
1978,152710.0,321072
1979,847290.0,217903
1980,1000000.0,206977
1981,989605.0,206977
1982,1000000.0,206977
1983,1000000.0,206977
1984,1000000.0,206977
1985,989605.0,206977
1986,1000000.0,5862
1987,216867.0,127818
1988,216867.0,127818
1989,216867.0,202583
1990,1000000.0,282816
1991,1000000.0,5322
1992,192628.0,331854
1993,807372.0,218257
1994,1000000.0,4824
1995,650121.0,319057
1996,349879.0,74953
1997,650121.0,319057
1998,650121.0,118587
1999,897526.0,368662
2000,1000000.0,112161
2001,1000000.0,152363
2002,470422.0,345527
2003,470422.0,167981
2004,470422.0,345527
2005,470422.0,345527
2006,470422.0,345527
2007,1000000.0,7705
2008,1000000.0,152198
2009,1000000.0,67391
2010,1000000.0,152198
2011,887456.0,67391
2012,521505.0,152198
2013,1000000.0,152198
2014,1000000.0,273305
2015,450629.0,368488
2016,466925.0,172009
2017,1000000.0,273305
2018,450629.0,368488
2019,1000000.0,273305
2020,450629.0,368488
2021,1000000.0,246826
2022,1000000.0,234611
2023,740177.0,51694
2024,1000000.0,128293
2025,1000000.0,161538
2026,1000000.0,41879
2027,1000000.0,161538
2028,1000000.0,128293
2029,1000000.0,311179
2030,1000000.0,294790
2031,1000000.0,319057
2032,1000000.0,293755
2033,556309.0,293755
2034,1000000.0,35955
2035,556309.0,293755
2036,556309.0,293755
2037,1000000.0,60612
2038,1000000.0,17179
2039,1000000.0,132861
2040,1000000.0,88347
2041,1000000.0,2437
2042,366319.0,300544
2043,552556.0,157228
2044,366319.0,300544
2045,1000000.0,370942
2046,1000000.0,370942
2047,1000000.0,370942
2048,1000000.0,370942
2049,1000000.0,229271
2050,1000000.0,148646
2051,1000000.0,288794
2052,1000000.0,288794
2053,1000000.0,49126
2054,1000000.0,277653
2055,1000000.0,24914
2056,1000000.0,24914
2057,1000000.0,78649
2058,1000000.0,104193
2059,1000000.0,104193
2060,1000000.0,11451
2061,1000000.0,24108
2062,1000000.0,217135
2063,200423.0,276384
2064,307080.0,263693
2065,307080.0,231267
2066,402279.0,359736
2067,1000000.0,256379
2068,1000000.0,256379
2069,402279.0,359736
2070,1000000.0,175512
2071,402279.0,359736
2072,1000000.0,133809
2073,1000000.0,133809
2074,1000000.0,133809
2075,1000000.0,42423
2076,1000000.0,9552
2077,1000000.0,71021
2078,1000000.0,182183
2079,767430.0,281139
2080,1000000.0,281139
2081,1000000.0,281139
2082,1000000.0,281139
2083,989605.0,135059
2084,1000000.0,145058
2085,1000000.0,145058
2086,1000000.0,88404
2087,989605.0,135059
2088,636847.0,254235
2089,636847.0,96741
2090,636847.0,254235
2091,185275.0,354713
2092,185275.0,354713
2093,1000000.0,224725
2094,1000000.0,224406
2095,1000000.0,46843
2096,1000000.0,115829
2097,1000000.0,115829
2098,539572.0,263924
2099,1000000.0,254703
2100,605972.0,345527
2101,605972.0,248271
2102,605972.0,248271
2103,605972.0,248271
2104,470422.0,345527
2105,1000000.0,8644
2106,1000000.0,277036
2107,1000000.0,277036
2108,410141.0,29627
2109,589859.0,37467
2110,589859.0,54321
2111,1000000.0,353227
2112,1000000.0,104193
2113,1000000.0,104193
2114,1000000.0,78649
2115,1000000.0,78649
2116,566948.0,142024
2117,532705.0,342178
2118,532705.0,342178
2119,1000000.0,152198
2120,1000000.0,88894
2121,887456.0,152198
2122,521505.0,88894
2123,1000000.0,88894
2124,1000000.0,4579
2125,1000000.0,4579
2126,1000000.0,3798
2127,844314.0,241861
2128,346836.0,241861
2129,844314.0,241861
2130,844314.0,241861
2131,1000000.0,195912
2132,671103.0,317694
2133,671103.0,317694
2134,1000000.0,104927
2135,590575.0,317694
2136,192628.0,331854
2137,851011.0,196326
2138,372072.0,357027
2139,372072.0,357027
2140,395966.0,262069
2141,1000000.0,164410
2142,1000000.0,262069
2143,1000000.0,263451
2144,1000000.0,56853
2145,1000000.0,263451
2146,978629.0,178170
2147,298498.0,314226
2148,298498.0,314226
2149,287246.0,248108
2150,406604.0,251823
2151,1000000.0,110583
2152,786351.0,138389
2153,1000000.0,246317
2154,1000000.0,290522
2155,1000000.0,378011
2156,1000000.0,288794
2157,1000000.0,288794
2158,989605.0,145058
2159,989605.0,145058
2160,989605.0,135059
2161,1000000.0,30779
2162,1000000.0,6254
2163,1000000.0,174310
2164,142346.0,75314
2165,1000000.0,317446
2166,1000000.0,317446
2167,1000000.0,20130
2168,1000000.0,317446
2169,60722.0,271642
2170,939278.0,164341
2171,60722.0,243822
2172,1000000.0,10556
2173,142346.0,317446
2174,857654.0,197417
2175,857654.0,197417
2176,142346.0,317446
2177,96470.0,228014
2178,361734.0,278280
2179,142346.0,75314
2180,142346.0,317446
2181,1000000.0,329101
2182,1000000.0,8334
2183,1000000.0,329101
2184,1000000.0,63328
2185,1000000.0,182917
2186,1000000.0,125068
2187,1000000.0,125068
2188,1000000.0,160006
2189,1000000.0,193538
2190,1000000.0,75766
2191,1000000.0,160006
2192,1000000.0,246560
2193,1000000.0,28287
2194,1000000.0,246560
2195,1000000.0,345040
2196,411624.0,159111
2197,1000000.0,34004
2198,232019.0,344855
2199,767981.0,66441
2200,229352.0,134324
2201,780886.0,362742
2202,483244.0,362742
2203,780886.0,362742
2204,780886.0,362742
2205,1000000.0,119310
2206,1000000.0,169693
2207,1000000.0,79010
2208,1000000.0,79010
2209,1000000.0,169693
2210,1000000.0,79010
2211,794380.0,369580
2212,45155.0,225999
2213,45155.0,225999
2214,794380.0,369580
2215,45155.0,217903
2216,590900.0,69978
2217,1000000.0,280877
2218,1000000.0,280877
2219,1000000.0,307541
2220,221055.0,307541
2221,1000000.0,307541
2222,1000000.0,4998
2223,1000000.0,328534
2224,1000000.0,35501
2225,1000000.0,35501
2226,1000000.0,82291
2227,702358.0,17947
2228,219114.0,243194
2229,1000000.0,78860
2230,1000000.0,75571
2231,917054.0,365716
2232,392499.0,169193
2233,1000000.0,352096
2234,1000000.0,169193
2235,1000000.0,169193
2236,1000000.0,119091
2237,1000000.0,118364
2238,1000000.0,142637
2239,1000000.0,314989
2240,779633.0,314989
2241,1000000.0,6520
2242,1000000.0,104193
2243,1000000.0,104193
2244,95223.0,231728
2245,95223.0,231728
2246,95223.0,231728
2247,1000000.0,13648
2248,1000000.0,224406
2249,1000000.0,191327
2250,1000000.0,317446
2251,1000000.0,191327
2252,893343.0,276384
2253,893343.0,276384
2254,1000000.0,117844
2255,1000000.0,21163
2256,1000000.0,15934
2257,1000000.0,113501
2258,1000000.0,277820
2259,1000000.0,169494
2260,1000000.0,370942
2261,1000000.0,147348
2262,666921.0,6112
2263,523350.0,161373
2264,1000000.0,72499
2265,1000000.0,294620
2266,413866.0,178837
2267,1000000.0,72499
2268,612510.0,244931
2269,146896.0,213987
2270,612510.0,206736
2271,1000000.0,277895
2272,1000000.0,277895
2273,1000000.0,277895
2274,556309.0,196225
2275,1000000.0,293755
2276,556309.0,196225
2277,556309.0,196225
2278,1000000.0,338047
2279,492759.0,289089
2280,1000000.0,338047
2281,492759.0,289089
2282,492759.0,338047
2283,1000000.0,142943
2284,492759.0,338047
2285,1000000.0,90518
2286,1000000.0,4579
2287,1000000.0,244931
2288,1000000.0,287013
2289,1000000.0,249713
2290,72344.0,89310
2291,1000000.0,345232
2292,1000000.0,345232
2293,1000000.0,92585
2294,1000000.0,298042
2295,1000000.0,298042
2296,1000000.0,122084
2297,1000000.0,38476
2298,1000000.0,243997
2299,1000000.0,38476
2300,1000000.0,174310
2301,1000000.0,84336
2302,1000000.0,78452
2303,1000000.0,271641
2304,347800.0,271641
2305,1000000.0,47994
2306,1000000.0,110645
2307,1000000.0,12574
2308,1000000.0,138453
2309,1000000.0,138453
2310,1000000.0,246286
2311,581818.0,171929
2312,418182.0,183930
2313,418182.0,183930
2314,581818.0,171929
2315,1000000.0,228399
2316,402279.0,359736
2317,402279.0,359736
2318,1000000.0,211160
2319,402279.0,359736
2320,1000000.0,211160
2321,1000000.0,16009
2322,1000000.0,294620
2323,413866.0,178837
2324,1000000.0,44886
2325,1000000.0,16139
2326,1000000.0,232301
2327,1000000.0,290522
2328,596164.0,344692
2329,596164.0,344692
2330,1000000.0,282705
2331,240594.0,178622
2332,1000000.0,17713
2333,1000000.0,178622
2334,1000000.0,126563
2335,1000000.0,11383
2336,1000000.0,145058
2337,989605.0,145058
2338,1000000.0,213573
2339,1000000.0,213573
2340,8396.0,282813
2341,1000000.0,282813
2342,1000000.0,213573
2343,1000000.0,36932
2344,1000000.0,2337
2345,1000000.0,38783
2346,549371.0,369988
2347,549371.0,369988
2348,549371.0,369988
2349,1000000.0,184682
2350,1000000.0,122068
2351,8396.0,282813
2352,1000000.0,282813
2353,1000000.0,8285
2354,690088.0,271642
2355,1000000.0,271642
2356,590725.0,6585
2357,1000000.0,73340
2358,1000000.0,11270
2359,1000000.0,222106
2360,1000000.0,181435
2361,1000000.0,181435
2362,1000000.0,19714
2363,1000000.0,111088
2364,1000000.0,73856
2365,1000000.0,61562
2366,1000000.0,61562
2367,813584.0,161373
2368,1000000.0,49325
2369,1000000.0,114837
2370,775828.0,294514
2371,55169.0,323820
2372,55169.0,323820
2373,1000000.0,365483
2374,1000000.0,101297
2375,1000000.0,277820
2376,1000000.0,169494
2377,1000000.0,370942
2378,307482.0,354101
2379,779633.0,121064
2380,1000000.0,302466
2381,200633.0,302466
2382,205652.0,251027
2383,435928.0,202709
2384,1000000.0,53442
2385,1000000.0,300179
2386,213345.0,313876
2387,860774.0,372173
2388,1000000.0,6281
2389,1000000.0,6281
2390,1000000.0,268465
2391,437852.0,76616
2392,492759.0,338047
2393,69389.0,76617
2394,1000000.0,16926
2395,507241.0,25928
2396,1000000.0,17083
2397,1000000.0,37622
2398,1000000.0,316911
2399,203701.0,87834
2400,174742.0,248019
2401,1000000.0,143934
2402,238816.0,228014
2403,504080.0,278280
2404,1000000.0,161538
2405,1000000.0,128293
2406,1000000.0,161538
2407,1000000.0,24367
2408,1000000.0,62376
2409,1000000.0,46994
2410,95223.0,231728
2411,1000000.0,18648
2412,1000000.0,82291
2413,1000000.0,345527
2414,1000000.0,345527
2415,1000000.0,345527
2416,470422.0,167981
2417,1000000.0,34315
2418,1000000.0,33674
2419,199425.0,130738
2420,1000000.0,52883
2421,1000000.0,148810
2422,1000000.0,94662
2423,1000000.0,94662
2424,1000000.0,32388
2425,1000000.0,7323
2426,1000000.0,104193
2427,1000000.0,104193
2428,160465.0,209869
2429,1000000.0,8637
2430,1000000.0,95911
2431,1000000.0,49329
2432,1000000.0,33037
2433,1000000.0,321628
2434,1000000.0,134944
2435,1000000.0,12099
2436,1000000.0,222531
2437,750284.0,121123
2438,1000000.0,73958
2439,750284.0,121123
2440,1000000.0,345115
2441,1000000.0,345115
2442,245150.0,368674
2443,1000000.0,4013
2444,1000000.0,171068
2445,1000000.0,171068
2446,1000000.0,171068
2447,1000000.0,321628
2448,1000000.0,3076
2449,671103.0,317694
2450,328897.0,268690
2451,590575.0,233724
2452,1000000.0,354439
2453,1000000.0,8833
2454,1000000.0,193538
2455,1000000.0,160006
2456,1000000.0,46261
2457,1000000.0,57146
2458,1000000.0,212516
2459,1000000.0,16962
2460,1000000.0,158209
2461,1000000.0,346126
2462,1000000.0,158209
2463,1000000.0,200677
2464,1000000.0,108904
2465,1000000.0,108904
2466,221055.0,61938
2467,1000000.0,61938
2468,107248.0,111873
2469,107248.0,111873
2470,1000000.0,111088
2471,1000000.0,73856
2472,1000000.0,222106
2473,1000000.0,222106
2474,1000000.0,2656
2475,1000000.0,128693
2476,1000000.0,128693
2477,755083.0,297185
2478,755083.0,297185
2479,1000000.0,263451
2480,1000000.0,16702
2481,978629.0,263451
2482,1000000.0,30124
2483,1000000.0,30124
2484,1000000.0,30124
2485,767430.0,117172
2486,232570.0,100244
2487,232570.0,100244
2488,767430.0,117172
2489,767430.0,184758
2490,1000000.0,100423
2491,1000000.0,5076
2492,1000000.0,206147
2493,1000000.0,254235
2494,1000000.0,36783
2495,1000000.0,170232
2496,1000000.0,151857
2497,402279.0,359736
2498,1000000.0,256379
2499,402279.0,359736
2500,1000000.0,58557
2501,1000000.0,15189
2502,785364.0,226453
2503,1000000.0,226453
2504,1000000.0,226453
2505,1000000.0,5429
2506,1000000.0,277036
2507,1000000.0,277036
2508,1000000.0,93871
2509,1000000.0,7206
2510,556309.0,293755
2511,1000000.0,120725
2512,1000000.0,16074
2513,259015.0,225664
2514,219114.0,243194
2515,297642.0,289346
2516,297642.0,77202
2517,702358.0,78860
2518,297642.0,289346
2519,702358.0,75571
2520,437852.0,76616
2521,437852.0,76616
2522,1000000.0,14270
2523,1000000.0,56562
2524,470422.0,345527
2525,184841.0,253311
2526,1000000.0,129271
2527,1000000.0,254235
2528,1000000.0,60612
2529,1000000.0,44590
2530,245150.0,368674
2531,1000000.0,345115
2532,1000000.0,60513
2533,1000000.0,70210
2534,1000000.0,70210
2535,1000000.0,82291
2536,1000000.0,220441
2537,389813.0,276146
2538,1000000.0,284767
2539,1000000.0,103510
2540,1000000.0,169693
2541,1000000.0,169693
2542,1000000.0,69070
2543,1000000.0,169693
2544,786351.0,138389
2545,1000000.0,36932
2546,1000000.0,27870
2547,1000000.0,62376
2548,95223.0,231728
2549,750284.0,121123
2550,1000000.0,12848
2551,249716.0,149500
2552,249716.0,238212
2553,249716.0,238212
2554,1000000.0,252217
2555,214636.0,170094
2556,278730.0,357223
2557,1000000.0,344718
2558,876527.0,297611
2559,876527.0,297611
2560,260388.0,357150
2561,843529.0,307158
2562,1000000.0,235875
2563,456326.0,284956
2564,148815.0,284956
2565,1000000.0,11227
2566,1000000.0,11027
2567,786655.0,280396
2568,1000000.0,119542
2569,1000000.0,246560
2570,1000000.0,246560
2571,1000000.0,213816
2572,1000000.0,44337
2573,1000000.0,131130
2574,1000000.0,277820
2575,1000000.0,370942
2576,1000000.0,327372
2577,562624.0,239359
2578,319901.0,239359
2579,644725.0,134282
2580,1000000.0,220463
2581,1000000.0,128693
2582,1000000.0,128693
2583,1000000.0,69987
2584,750284.0,121123
2585,1000000.0,179982
2586,1000000.0,179982
2587,1000000.0,51222
2588,1000000.0,179982
2589,1000000.0,163050
2590,1000000.0,11934
2591,1000000.0,31162
2592,1000000.0,257946
2593,237525.0,231083
2594,237525.0,231083
2595,1000000.0,21205
2596,815159.0,207205
2597,1000000.0,207205
2598,845355.0,265880
2599,889529.0,105459
2600,1000000.0,159985
2601,876527.0,344718
2602,876527.0,344718
2603,1000000.0,88142
2604,1000000.0,36573
2605,216867.0,127818
2606,216867.0,127818
2607,216867.0,202583
2608,1000000.0,206432
2609,1000000.0,185381
2610,1000000.0,206432
2611,478495.0,206432
2612,449104.0,167202
2613,586134.0,331966
2614,1000000.0,58557
2615,775828.0,294514
2616,55169.0,323820
2617,55169.0,323820
2618,1000000.0,117172
2619,1000000.0,184758
2620,1000000.0,95229
2621,1000000.0,237564
2622,1000000.0,171231
2623,191479.0,156902
2624,191479.0,156902
2625,191479.0,65083
2626,1000000.0,30097
2627,1000000.0,42376
2628,413866.0,294620
2629,1000000.0,294620
2630,1000000.0,206432
2631,1000000.0,203221
2632,478495.0,125618
2633,1000000.0,5434
2634,1000000.0,178311
2635,1000000.0,80572
2636,1000000.0,193538
2637,1000000.0,193538
2638,1000000.0,8453
2639,1000000.0,329101
2640,1000000.0,18498
2641,1000000.0,104697
2642,1000000.0,89993
2643,1000000.0,280004
2644,264073.0,246121
2645,1000000.0,246121
2646,238816.0,228014
2647,504080.0,278280
2648,1000000.0,2959
2649,372524.0,370989
2650,1000000.0,285736
2651,1000000.0,32628
2652,1000000.0,32628
2653,1000000.0,261089
2654,1000000.0,319057
2655,1000000.0,243997
2656,1000000.0,26105
2657,1000000.0,70438
2658,240594.0,282705
2659,1000000.0,282705
2660,1000000.0,282705
2661,1000000.0,346126
2662,1000000.0,91011
2663,1000000.0,200677
2664,8396.0,282813
2665,1000000.0,282813
2666,1000000.0,122068
2667,1000000.0,161538
2668,1000000.0,24292
2669,1000000.0,161538
2670,223083.0,357027
2671,148989.0,207223
2672,38291.0,269859
2673,223083.0,357027
2674,392499.0,352096
2675,392499.0,114143
2676,392499.0,169193
2677,785364.0,157192
2678,785364.0,157192
2679,785364.0,226453
2680,762483.0,304679
2681,160465.0,209869
2682,1000000.0,26030
2683,1000000.0,26030
2684,1000000.0,278598
2685,1000000.0,58476
2686,652200.0,278598
2687,17335.0,273931
2688,55169.0,323820
2689,55169.0,323820
2690,1000000.0,378873
2691,1000000.0,3986
2692,1000000.0,4637
2693,1000000.0,243997
2694,1000000.0,88347
2695,1000000.0,216297
2696,1000000.0,36006
2697,492759.0,338047
2698,306133.0,38117
2699,1000000.0,245770
2700,463612.0,328072
2701,516081.0,107900
2702,1000000.0,24926
2703,452221.0,24926
2704,1000000.0,7297
2705,774886.0,288441
2706,993989.0,288441
2707,1000000.0,125233
2708,1000000.0,244494
2709,1000000.0,43516
2710,1000000.0,90537
2711,1000000.0,230880
2712,1000000.0,90537
2713,69389.0,76617
2714,562148.0,76617
2715,1000000.0,79031
2716,1000000.0,164014
2717,215269.0,35564
2718,1000000.0,156902
2719,1000000.0,325997
2720,1000000.0,263693
2721,1000000.0,134944
2722,1000000.0,263451
2723,978629.0,178170
2724,1000000.0,230880
2725,1000000.0,15906
2726,1000000.0,28599
2727,449126.0,254640
2728,1000000.0,4782
2729,1000000.0,209045
2730,1000000.0,22647
2731,1000000.0,42423
2732,784731.0,61934
2733,215269.0,156902
2734,784731.0,333608
2735,991604.0,274727
2736,1000000.0,274727
2737,414955.0,90775
2738,1000000.0,90775
2739,1000000.0,2593
2740,1000000.0,2593
2741,1000000.0,137005
2742,735927.0,92841
2743,264073.0,246121
2744,1000000.0,280004
2745,1000000.0,131130
2746,1000000.0,329101
2747,1000000.0,346126
2748,1000000.0,346126
2749,1000000.0,218845
2750,1000000.0,39422
2751,1000000.0,135929
2752,1000000.0,87557
2753,556309.0,293755
2754,556309.0,293755
2755,1000000.0,152014
2756,1000000.0,38815
2757,1000000.0,179982
2758,1000000.0,25170
2759,847842.0,369528
2760,549371.0,369988
2761,549371.0,369988
2762,549371.0,369988
2763,690088.0,193519
2764,590725.0,271642
2765,1000000.0,11256
2766,306388.0,256889
2767,17936.0,328926
2768,1000000.0,7107
2769,1000000.0,7107
2770,1000000.0,216433
2771,1000000.0,352096
2772,1000000.0,352096
2773,570655.0,131455
2774,1000000.0,212516
2775,1000000.0,206432
2776,478495.0,206432
2777,961373.0,289346
2778,889029.0,225664
2779,38627.0,326543
2780,961373.0,289346
2781,761521.0,53072
2782,761521.0,18284
2783,575467.0,238881
2784,221055.0,40032
2785,1000000.0,194014
2786,1000000.0,282816
2787,1000000.0,111084
2788,1000000.0,264628
2789,1000000.0,15013
2790,1000000.0,133164
2791,1000000.0,355929
2792,402279.0,359736
2793,1000000.0,256379
2794,402279.0,359736
2795,1000000.0,3099
2796,1000000.0,261089
2797,1000000.0,41273
2798,1000000.0,246286
2799,1000000.0,34391
2800,219114.0,243194
2801,219114.0,243194
2802,1000000.0,8165
2803,1000000.0,108808
2804,1000000.0,56562
2805,470422.0,345527
2806,463612.0,328072
2807,450629.0,368488
2808,466925.0,273305
2809,1000000.0,32916
2810,450629.0,368488
2811,1000000.0,49046
2812,450629.0,368488
2813,395966.0,262069
2814,604034.0,278429
2815,395966.0,16243
2816,1000000.0,110645
2817,1000000.0,47994
2818,457110.0,331067
2819,1000000.0,111532
2820,457110.0,331067
2821,1000000.0,5902
2822,1000000.0,246560
2823,1000000.0,9427
2824,1000000.0,39042
2825,1000000.0,226453
2826,184841.0,253311
2827,815159.0,58154
2828,956188.0,366419
2829,864449.0,314875
2830,1000000.0,195283
2831,1000000.0,158425
2832,38291.0,269859
2833,1000000.0,161538
2834,1000000.0,128293
2835,1000000.0,5381
2836,1000000.0,4980
2837,1000000.0,4980
2838,671103.0,317694
2839,328897.0,268690
2840,590575.0,233724
2841,1000000.0,165822
2842,1000000.0,304878
2843,1000000.0,93984
2844,82980.0,93984
2845,1000000.0,61351
2846,457110.0,331067
2847,1000000.0,7212
2848,1000000.0,14673
2849,95223.0,231728
2850,546137.0,369729
2851,453863.0,65706
2852,453863.0,202583
2853,1000000.0,294431
2854,1000000.0,14994
2855,240594.0,178622
2856,240594.0,106470
2857,1000000.0,87019
2858,294545.0,276775
2859,1000000.0,18443
2860,82980.0,9605
2861,1000000.0,93984
2862,1000000.0,67349
2863,1000000.0,3837
2864,1000000.0,139528
2865,1000000.0,95486
2866,1000000.0,145058
2867,989605.0,145058
2868,306388.0,256889
2869,17936.0,328926
2870,389813.0,284767
2871,991604.0,156194
2872,414955.0,274727
2873,991604.0,274727
2874,8396.0,114814
2875,8396.0,282813
2876,1000000.0,120740
2877,1000000.0,9591
2878,1000000.0,317446
2879,1000000.0,14943
2880,1000000.0,304878
2881,1000000.0,298215
2882,774886.0,233950
2883,225114.0,309107
2884,225114.0,309107
2885,506126.0,202583
2886,1000000.0,152198
2887,887456.0,12771
2888,521505.0,152198
2889,1000000.0,152198
2890,1000000.0,200677
2891,927656.0,289346
2892,1000000.0,3820
2893,1000000.0,300179
2894,396526.0,255169
2895,1000000.0,141387
2896,1000000.0,33692
2897,1000000.0,79195
2898,1000000.0,13624
2899,1000000.0,206147
2900,1000000.0,265161
2901,260388.0,357150
2902,547779.0,80479
2903,1000000.0,51685
2904,1000000.0,169693
2905,1000000.0,51685
2906,396526.0,255169
2907,396526.0,255169
2908,319901.0,154635
2909,562624.0,239359
2910,245150.0,368674
2911,1000000.0,345115
2912,585045.0,119663
2913,1000000.0,296187
2914,1000000.0,99671
2915,408048.0,99671
2916,1000000.0,366669
2917,1000000.0,366669
2918,1000000.0,204316
2919,120399.0,61640
2920,238816.0,278280
2921,1000000.0,264628
2922,1000000.0,226453
2923,1000000.0,7455
2924,6011.0,53952
2925,6011.0,53952
2926,1000000.0,218845
2927,961709.0,333608
2928,470422.0,345527
2929,419269.0,186564
2930,1000000.0,246286
2931,807372.0,218257
2932,1000000.0,53072
2933,1000000.0,90399
2934,1000000.0,5165
2935,1000000.0,2755
2936,1000000.0,179982
2937,1000000.0,38815
2938,402279.0,359736
2939,1000000.0,211160
2940,467922.0,151978
2941,1000000.0,49111
2942,200633.0,84737
2943,1000000.0,370942
2944,591952.0,82698
2945,693867.0,5154
2946,306133.0,245770
2947,478495.0,203221
2948,1000000.0,4980
2949,82980.0,93984
2950,917020.0,9604
2951,249716.0,149500
2952,249716.0,238212
2953,249716.0,238212
2954,450629.0,368488
2955,450629.0,368488
2956,1000000.0,158533
2957,450629.0,368488
2958,1000000.0,158533
2959,1000000.0,294763
2960,567411.0,114708
2961,409275.0,214389
2962,11053.0,200412
2963,1000000.0,295579
2964,148815.0,57775
2965,1000000.0,148810
2966,1000000.0,148810
2967,1000000.0,148810
2968,1000000.0,148810
2969,1000000.0,257946
2970,1000000.0,169193
2971,1000000.0,179982
2972,1000000.0,141387
2973,414955.0,274727
2974,1000000.0,274727
2975,944831.0,238212
2976,944831.0,238212
2977,1000000.0,94662
2978,1000000.0,94662
2979,1000000.0,94662
2980,555138.0,321857
2981,1000000.0,45338
2982,1000000.0,195283
2983,590575.0,317694
2984,1000000.0,2593
2985,887456.0,152198
2986,521505.0,71590
2987,1000000.0,2975
2988,1000000.0,164014
2989,1000000.0,146530
2990,466925.0,273305
2991,450629.0,368488
2992,466925.0,273305
2993,450629.0,368488
2994,1000000.0,120725
2995,1000000.0,52204
2996,414955.0,14897
2997,585045.0,296187
2998,507241.0,25928
2999,1000000.0,262069
3000,402279.0,359736
3001,1000000.0,15324
3002,1000000.0,15324
3003,229857.0,223343
3004,72344.0,249713
3005,1000000.0,345232
3006,1000000.0,345232
3007,927656.0,289346
3008,72344.0,345232
3009,72344.0,345232
3010,844314.0,241861
3011,346836.0,241861
3012,844314.0,241861
3013,844314.0,241861
3014,1000000.0,195912
3015,1000000.0,111088
3016,1000000.0,17185
3017,1000000.0,86540
3018,346836.0,34829
3019,1000000.0,65010
3020,1000000.0,27599
3021,844314.0,241861
3022,1000000.0,236421
3023,864449.0,366419
3024,1000000.0,8446
3025,1000000.0,106194
3026,1000000.0,142306
3027,403836.0,225999
3028,796003.0,276996
3029,1000000.0,160006
3030,1000000.0,4683
3031,1000000.0,2642
3032,1000000.0,78860
3033,346836.0,65010
3034,346836.0,34829
3035,346836.0,241861
3036,1000000.0,86540
3037,580731.0,45760
3038,211763.0,207383
3039,1000000.0,33204
3040,1000000.0,27025
3041,211763.0,260230
3042,1000000.0,178311
3043,1000000.0,121338
3044,1000000.0,207839
3045,294545.0,276775
3046,1000000.0,178622
3047,1000000.0,24108
3048,1000000.0,94662
3049,1000000.0,94662
3050,211763.0,207383
3051,211763.0,207383
3052,432589.0,260230
3053,409275.0,214389
3054,684898.0,343004
3055,1000000.0,99146
3056,347800.0,31727
3057,156349.0,339360
3058,156349.0,339360
3059,1000000.0,261089
3060,319901.0,239359
3061,1000000.0,237564
3062,1000000.0,228812
3063,1000000.0,133557
3064,403836.0,225999
3065,147112.0,65853
3066,770648.0,177948
3067,1000000.0,207524
3068,1000000.0,207524
3069,450629.0,368488
3070,1000000.0,49046
3071,450629.0,368488
3072,1000000.0,187960
3073,1000000.0,147127
3074,1000000.0,317446
3075,989605.0,135059
3076,1000000.0,24914
3077,1000000.0,117844
3078,1000000.0,117844
3079,684898.0,343004
3080,230081.0,364372
3081,1000000.0,74780
3082,450629.0,368488
3083,1000000.0,3595
3084,408961.0,152198
3085,887456.0,152198
3086,1000000.0,43228
3087,1000000.0,32388
3088,1000000.0,33204
3089,211763.0,260230
3090,521505.0,71590
3091,786655.0,280396
3092,1000000.0,79195
3093,1000000.0,182183
3094,1000000.0,184758
3095,1000000.0,230880
3096,1000000.0,7107
3097,1000000.0,200442
3098,245150.0,368674
3099,333972.0,195352
3100,1000000.0,55235
3101,147112.0,177948
3102,1000000.0,129843
3103,156471.0,30161
3104,457110.0,331067
3105,1000000.0,70889
3106,1000000.0,278598
3107,652200.0,140811
3108,450629.0,368488
3109,1000000.0,110645
3110,1000000.0,65010
3111,844314.0,241861
3112,120399.0,204316
3113,844314.0,241861
3114,1000000.0,63395
3115,550896.0,317451
3116,978629.0,263451
3117,590725.0,271642
3118,156471.0,129843
3119,1000000.0,4817
3120,1000000.0,169693
3121,1000000.0,4842
3122,1000000.0,54321
3123,1000000.0,78437
3124,372524.0,370989
3125,413866.0,178837
3126,408048.0,49083
3127,211763.0,260230
3128,1000000.0,67466
3129,1000000.0,161538
3130,652200.0,278598
3131,718391.0,270172
3132,1000000.0,169693
3133,1000000.0,282813
3134,1000000.0,21163
3135,452221.0,16230
3136,1000000.0,365483
